species_wfo,p50
Abies alba,-3.716
Abies balsamea,-2.465482
Abies concolor,-3.8712133333333334
Abies forrestii,-3.42
Abies grandis,-3.65
Abies lasiocarpa,-3.4917777777777776
Abies nordmanniana,-4
Abies pinsapo,-4.15
Abies sachalinensis,-3.23
Abies sibirica,-3.67
Acacia aneura,-10.635908
Acacia cyclops,-1.35
Acca sellowiana,-4.81
Acer barbinerve,-2.23
Acer campestre,-4.485
Acer glabrum,-2.29
Acer mandshuricum,-3.17
Acer monspessulanum,-5.145
Acer negundo,-2.025
Acer opalus,-3.4250000000000003
Acer pictum,-4.339809523809524
Acer platanoides,-3.4033333333333333
Acer pseudoplatanus,-2.94875
Acer pseudosieboldianum,-2.54
Acer rubrum,-2.736
Acer saccharum,-2.9337142857142857
Acer tataricum,-2.76
Acer tegmentosum,-1.61
Acinodendron pohlianum,-3.1
Acmopyle pancheri,-3.34225
Actinostrobus acuminatus,-11.52
Actinostrobus arenarius,-12.87025
Actinostrobus pyramidalis,-11.426666666666666
Adenostoma fasciculatum,-6.9165849999999995
Adenostoma sparsifolium,-4.68
Adesmia boronioides,-4.42
Adiscanthus fusciflorus,-1.08122
Afrocarpus falcatus,-7.48
Afrocarpus gracilior,-6.36
Agathis atropurpurea,-2.89
Agathis australis,-2.5556666966666666
Agathis microstachya,-2.55
Agathis ovata,-1.77
Agathis robusta,-3.13
Ailanthus altissima,-3.5733333333333333
Alchemilla vulgaris,-2.12
Alnus alnobetula,-1.447
Alnus cordata,-1.5899999999999999
Alnus glutinosa,-1.7666666666666668
Alnus incana,-1.3565
Alnus japonica,-1.66
Alnus rhombifolia,-1.25136
Alopecurus pratensis,-3.3
Alphitonia excelsa,-5.56
Alseis blackiana,-3.5296937
Amborella trichopoda,-2.7933333333333334
Amburana cearensis,-2.42
Amelanchier ovalis,-6.87
Amphirrhox longifolia,-2.2533333333333334
Amygdalus davidiana,-3.283333333333333
Anacardium excelsum,-1.1
Anadenanthera colubrina,-4.22
Angophora costata,-3.6294575
Annona hayesii,-4.52
Annona spraguei,-2.4426427
Anthoxanthum odoratum,-4.4
Apoplanesia paniculata,-3.90164
Arabidopsis thaliana,-2.6957142857142857
Araucaria angustifolia,-2.33
Araucaria araucana,-3.06
Araucaria bidwillii,-3.01
Araucaria columnaris,-3.3
Araucaria cunninghamii,-2.64
Araucaria heterophylla,-2.965
Araucaria hunsteinii,-3.5233333333333334
Araucaria laubenfelsii,-2.4
Arbutus menziesii,-3
Arbutus unedo,-7.84
Arctostaphylos glandulosa,-4.7
Arctostaphylos glauca,-9.22
Ardisia quinquegona,-1.56
Argyranthemum adauctum,-3.6
Argyranthemum broussonetii,-3.1
Argyranthemum foeniculaceum,-5.1
Argyranthemum frutescens,-3.7
Argyranthemum gracile,-4
Aristotelia serrata,-2.384736389777778
Arrhenatherum elatius,-3.8
Artemisia tridentata,-3.9333333333333336
Artemisia wudanica,-1.12
Ascarina lucida,-1.855517855
Ascarina rubricaulis,-2.425666666666667
Ascarina solmsiana,-2.634
Aspidosperma araracanga,-3.09474
Aspidosperma desmanthum,-1.69092
Aspidosperma nitidum,-1.84807
Aspidosperma pyrifolium,-2.52
Astronium graveolens,-4.37
Atherosperma moschatum,-3.31
Athrotaxis cupressoides,-3.16
Athrotaxis x laxifolia,-2.47
Atriplex confertifolia,-4.25
Austrocedrus chilensis,-4.96
Balfourodendron riedelianum,-1.3433333333333333
Banksia attenuata,-2.69
Banksia ilicifolia,-2.84
Banksia menziesii,-3.24
Banksia serrata,-3.485
Barringtonia racemosa,-1.36
Bauhinia galpinii,-0.98
Bauhinia reflexa,-2.102105
Bauhinia variegata,-1.55
Berberis microphylla,-4.5
Bernardia myricifolia,-6.13
Betula costata,-1.42
Betula dahurica,-1.46
Betula fruticosa,-1.19
Betula nigra,-2.05715
Betula occidentalis,-1.70475
Betula papyrifera,-1.9665000000000001
Betula pendula,-1.8172222222222223
Betula platyphylla,-1.37
Betula schmidtii,-1.37
Bignonia corymbosa,-1.1025164
Blepharocalyx salicifolius,-2.03
Bocoa prouacensis,-2.8666666666666667
Brabejum stellatifolium,-2.4266666666666667
Brachychiton australis,-3.17
Brachylaena neriifolia,-2.07
Brachypodium pinnatum,-6.2
Brachystegia boehmii,-3.6277
Brachystegia floribunda,-1.9743
Brachystegia longifolia,-2.2854
Brachystegia spiciformis,-3.124
Brosimum utile,-2.2476243
Bursera simaruba,-1.145
Buxus sempervirens,-8
Caesalpinia coriaria,-6.20325
Caesalpinia eriostachys,-8.97143
Callichlamys latifolia,-1.012439
Callitris baileyi,-11.37
Callitris canescens,-16.9
Callitris columellaris,-14.532727272727273
Callitris drummondii,-13.11
Callitris endlicheri,-12.5
Callitris macleayana,-8.07
Callitris monticola,-8.84
Callitris muelleri,-10.1
Callitris neocaledonica,-3.83
Callitris oblonga,-10.88
Callitris preissii,-15.071818181818182
Callitris rhomboidea,-10.261116666666666
Callitris roei,-12.21
Callitris sulcata,-8.24
Callitris verrucosa,-11.870000000000001
Calocedrus formosana,-4.92
Calycophyllum candidissimum,-2.87
Calyptranthes brasiliensis,-5.193333333333333
Caragana korshinskii,-2.3033333333333332
Caragana microphylla,-1.495
Carpinus betulus,-3.8728571428571428
Carpinus orientalis,-4.35
Carpodetus serratus,-4.4659079875
Caryocar brasiliense,-1.775
Caryocar glabrum,-1.78
Cascabela thevetia,-1.08
Cassipourea guianensis,-4.68
Cavanillesia platanifolia,-1.07
Ceanothus crassifolius,-7.699803999999999
Ceanothus cuneatus,-8.72916
Ceanothus greggii,-6.505
Ceanothus leucodermis,-4.7
Ceanothus megacarpus,-9.259776666666667
Ceanothus oliganthus,-6.2
Ceanothus spinosus,-7.2
Cecropia obtusifolia,-0.7556186
Cedrela fissilis,-0.8099999999999999
Cedrus atlantica,-4.88
Cedrus deodara,-6.811428571428571
Cedrus libani,-6.68
Ceiba aesculifolia,-1.82609
Cephalotaxus fortunei,-7.26
Cephalotaxus harringtonii,-7.5649999999999995
Ceratonia siliqua,-4.706666666666666
Cercis siliquastrum,-3.495
Cercocarpus betuloides,-7.46
Chaetocarpus schomburgkianus,-2.43
Chamaecrista xinguensis,-3.16
Chamaecyparis lawsoniana,-7.014005
Chamaecyparis obtusa,-3.71
Chamaecyparis pisifera,-3.46
Chrysophyllum sanguinolentum,-2.9955766666666666
Chrysothamnus viscidiflorus,-4.25
Chusquea ramosissima,-0.692
Cinnamomum camphora,-1.24
Cistus clusii,-13
Cistus creticus,-5.2
Cistus ladanifer,-8.9
Cistus monspeliensis,-10.2
Cistus populifolius,-8.1
Cistus psilosepalus,-6.55
Citrus sinensis,-3.3368933333333333
Citrus x aurantium,-0.92
Cladanthus mixtus,-2.9
Clerodendrum trichotomum,-2.263333333333333
Clitoria javitensis,-1.6790476
Clusia uvitana,-1.3
Coccoloba excelsa,-1.5096641
Cochlospermum gillivraei,-1.44
Cochlospermum vitifolium,-1.19
Codiaeum variegatum,-2.23
Coffea arabica,-2.7
Cojoba rufescens,-3.7300000000000004
Coleostephus myconis,-2.3
Colliguaja integerrima,-4.4
Comarostaphylis polifolia,-4
Combretum decandrum,-0.6121123
Combretum leprosum,-4.18
Coprosma dumosa,-4.1872061782
Coprosma foetidissima,-3.5077914847142857
Coprosma grandifolia,-3.7247006455
Coprosma linariifolia,-7.6065068825
Coprosma microcarpa,-4.1893377916
Coprosma pseudocuneata,-3.486567112
Coprosma robusta,-3.3312579192
Coprosma rotundifolia,-3.951479338
Cordia alba,-3.6
Cordia alliodora,-2.8775
Cordia americana,-1.6233333333333333
Cordia collococca,-2.34
Cordia cymosa,-1.2
Cordia elaeagnoides,-3.59684
Cordia lasiocalyx,-2.57
Cordia lucidula,-1.58
Cordia oncocalyx,-1.65
Cordia panamensis,-2.33
Cornus florida,-5.84
Cornus sanguinea,-6.37
Corylus avellana,-2.422
Corylus heterophylla,-2.357666666666667
Corymbia gummifera,-2.80515
Cotinus coggygria,-3.736666666666667
Couepia longipendula,-2.6
Coussarea albescens,-4.74
Crataegus laevigata,-8.41
Crataegus monogyna,-6.83
Croton billbergianus,-0.6095901
Croton blanchetianus,-0.13
Croton celtidifolius,-1.92
Cryptocarya aristata,-2
Cryptomeria japonica,-3.66
Cunninghamia lanceolata,-3.5
Cupressus arizonica,-7
Cupressus dupreziana,-10.29
Cupressus funebris,-10.63
Cupressus goveniana,-7.5
Cupressus macrocarpa,-6.73
Cupressus nootkatensis,-5.13
Cupressus sempervirens,-9.7925
Cupressus torulosa,-8.35
Cupressus x leylandii,-8.58
Cynophalla flexuosa,-2.68
Cytisus scoparius,-3.62
Dacrycarpus dacrydioides,-2.565772788222222
Dacrycarpus imbricatus,-3.3165833333333334
Dacrydium araucarioides,-3.78
Dacrydium cupressinum,-2.9463583558
Dactylis glomerata,-4.329933333333333
Davilla nitida,-1.4842136
Dicorynia guianensis,-1.7233333333333334
Diospyros kaki,-5.4
Diospyros lotus,-4.133333333333334
Dipteryx odorata,-4.47
Diselma archeri,-8.495000000000001
Doliocarpus dentatus,-2.5224781
Doliocarpus multiflorus,-2.5104522
Dovyalis caffra,-1.78
Dracophyllum longifolium,-1.855956441
Drimys brasiliensis,-1.8250000000000002
Drimys granadensis,-1.64
Drimys insipida,-4.68
Drimys lanceolata,-3.49
Drimys winteri,-2.3
Echinochloa crus-galli,-1
Elaeagnus rhamnoides,-2.0696
Elaeocarpus dentatus,-3.307550887
Elaeocarpus hookerianus,-3.416928708
Elymus pungens,-5.3
Elymus repens,-3.4
Encelia farinosa,-6.13
Endopleura uchi,-1.5466666666666666
Enterolobium cyclocarpum,-2.73
Eperua duckeana,-0.882755
Eperua falcata,-2.0966666666666667
Eperua glabriflora,-1.05
Eperua grandiflora,-3.12
Eremophila glabra,-2.35
Ericameria nauseosa,-2.9
Erisma uncinatum,-1.902
Erythrina costaricensis,-1.273038
Erythrophleum africanum,-3.5477
Erythrophleum ivorense,-1.93
Erythrophleum suaveolens,-3.88
Escallonia bifida,-3.81
Eschweilera bracteosa,-2.05
Eschweilera coriacea,-2.076946
Eschweilera cyathiformis,-3.05
Eschweilera decolorans,-1.67468
Eschweilera grandiflora,-3.68129
Eschweilera pseudodecolorans,-3.24866
Eschweilera sagotiana,-1.94
Eschweilera tenuifolia,-2.1
Eschweilera truncata,-2.4381250000000003
Eschweilera wachenheimii,-2.19
Eucalyptus bicolor,-7.40004
Eucalyptus blakelyi,-4.50914
Eucalyptus camaldulensis,-4.287066666666666
Eucalyptus cladocalyx,-5.27
Eucalyptus coolabah,-7.27
Eucalyptus crebra,-5.12
Eucalyptus dunnii,-4.93
Eucalyptus globulus,-2.5100000000000002
Eucalyptus grandis,-2.1685516666666667
Eucalyptus macrorhyncha,-4.00552
Eucalyptus melliodora,-5.01796
Eucalyptus piperita,-3.25
Eucalyptus populnea,-6.33084
Eucalyptus regnans,-2.7
Eucalyptus saligna,-3.4
Eucalyptus sideroxylon,-4.11944
Eucalyptus tereticornis,-3.89
Eucalyptus viminalis,-3.15346
Euclea pseudebenus,-1.75
Eugenia nesiotica,-1.6889497
Euonymus europaeus,-5.14
Euplassa itatiaiae,-3.13
Euryops pectinatus,-1.98
Exospermum stipitatum,-2.42
Fagus grandifolia,-1.8
Fagus sylvatica,-2.9778623391066668
Falcatifolium taxoides,-5.55
Faramea occidentalis,-4.2924556
Festuca arundinacea,-3.9
Festuca rubra,-6.67
Ficus citrifolia,-1.6
Fitzroya cupressoides,-5
Frangula alnus,-2.92
Fraxinus americana,-1.495
Fraxinus angustifolia,-4.963333333333333
Fraxinus chinensis,-4.366666666666667
Fraxinus excelsior,-2.55375
Fridericia caudigera,-2.49
Fridericia chica,-2.09
Fridericia dispar,-1.88
Fridericia schumanniana,-0.8060045
Fuchsia excorticata,-1.7086055726363636
Garrya elliptica,-6.5
Garrya ovata,-6.6
Garrya veatchii,-6.02
Genipa americana,-2.04
Ginkgo biloba,-4.446666666666666
Glebionis coronaria,-2.1
Glebionis segetum,-2.2
Gleditsia sinensis,-4.35
Gliricidia sepium,-4.20553
Glyceria fluitans,-0.7
Gossia bidwillii,-5.12
Gossypium hirsutum,-4.92
Goupia glabra,-3.1300000000000003
Graptophyllum excelsum,-6.18
Grevillea rosmarinifolia,-5.27
Griselinia littoralis,-2.964970092
Guatteria megalophylla,-2.2121
Guatteria olivacea,-2.572655
Gustavia elliptica,-2.75
Gustavia hexapetala,-7.63
Gustavia superba,-0.7546891
Gymnocladus dioica,-2.59
Hakea dactyloides,-4.7540000000000004
Hakea leucoptera,-6.538
Hakea lissosperma,-5.66
Halocarpus bidwillii,-5.22030328475
Halocarpus biformis,-4.3701676618
Handroanthus vellosoi,-2.41
Hedera helix,-3.97
Hedycarya cupulata,-3.145
Hedycarya parvifolia,-3.165
Hedysarum fruticosum,-1.45
Helianthostylis sprucei,-4.040735
Helianthus annuus,-3.215
Hesperocyparis glabra,-10.98
Heteromeles arbutifolia,-6.32
Hevea brasiliensis,-1.3199999999999998
Hiraea reclinata,-0.65
Hiraea smilacina,-2.5977086
Hirschfeldia incana,-3
Hoheria angustifolia,-4.820766895
Hoheria glabrata,-3.0735781632
Hymenaea courbaril,-2
Hymenaea martiana,-2.8
Hymenaea stigonocarpa,-3.17
Ilex aquifolium,-4.804
Ilex taubertiana,-2.62
Illicium anisatum,-3.656
Illicium floridanum,-3.284
Inga alba,-3.4413466666666666
Inga gracilifolia,-1.993168
Inga vera,-4.526969
Ipomoea wolcottiana,-2.0197600000000002
Iryanthera hostmannii,-0.55853
Iryanthera juruensis,-0.67052
Iryanthera sagotiana,-3.69
Isoberlinia angolensis,-2.0464
Itea yunnanensis,-2.63
Jacaranda copaia,-1.045
Juglans ailanthifolia,-2.88
Juglans cinerea,-1.89
Juglans hindsii,-3.125
Juglans mandshurica,-1.99
Juglans microcarpa,-1.99
Juglans nigra,-2.04
Juglans regia,-2.124705882352941
Julbernardia paniculata,-2.5402
Jungia coarctata,-8
Juniperus arizonica,-13.8
Juniperus ashei,-13.254999999999999
Juniperus barbadensis,-12.8
Juniperus chinensis,-10.88
Juniperus communis,-6.079090909090909
Juniperus deppeana,-8.8
Juniperus flaccida,-8.95
Juniperus lucayana,-8.3
Juniperus maritima,-7.58025
Juniperus monosperma,-8.668
Juniperus monticola,-10.4
Juniperus occidentalis,-9
Juniperus osteosperma,-8.943333333333333
Juniperus pinchotii,-14.1
Juniperus scopulorum,-8.158183333333334
Juniperus thurifera,-9.27
Juniperus virginiana,-6.455
Kibaropsis caledonica,-2.4450000000000003
Kielmeyera coriacea,-1.91
Knightia excelsa,-4.394870927333334
Koelreuteria paniculata,-2.586666666666667
Lafoensia pacari,-3.63
Lagarostrobos franklinii,-3.9909999999999997
Laguncularia racemosa,-3.4
Lannea coromandelica,-1.8
Larix decidua,-3.74
Larix gmelinii,-3.13
Larix kaempferi,-3.39
Larix occidentalis,-4.21
Larix sibirica,-3.63
Laurus nobilis,-7.572
Lecythis persistens,-2.2266666666666666
Lecythis poiteaui,-2.14
Lecythis prancei,-1.8
Leiospermum racemosum,-2.747057103111111
Lepidothamnus intermedius,-5.567588976142857
Leucadendron salignum,-3.98486
Leucanthemum vulgare,-2.5
Libidibia ferrea,-3.17
Libocedrus bidwillii,-3.700101922
Licania alba,-1.06
Licania heteromorpha,-2.147495
Licania lata,-1.712265
Licania longistyla,-3.11186
Licania macrophylla,-4.07174
Licania membranacea,-2.645585
Licania octandra,-2.395976666666667
Ligustrum vulgare,-4.8975
Liquidambar styraciflua,-3.0633333333333335
Liriodendron tulipifera,-1.6666666666666667
Lolium perenne,-3.9033333333333333
Lomatia tinctoria,-4.97
Lonchocarpus constrictus,-7.96748
Lonicera etrusca,-5.51
Lophomyrtus obcordata,-5.576596530333333
Luehea seemannii,-1.2839966
Lycium chilense,-4.9
Machaerium floribundum,-0.7234846
Machaerium seemannii,-0.9070623
Maclura tinctoria,-1.0033333333333334
Macropeplus dentatus,-3.32
Maesopsis eminii,-1.9
Magnolia grandiflora,-2.5
Magnolia liliiflora,-2
Malus domestica,-2.578888888888889
Malus pumila,-3.2
Malus sylvestris,-6.01
Manihot carthaginensis,-1.4
Manilkara bidentata,-6.87
Manilkara elata,-1.75
Manilkara huberi,-1.75
Manoao colensoi,-3.905744539
Maquira sclerophylla,-2.21
Maripa panamensis,-0.5416576
Marquesia macroura,-1.3624
Melia azedarach,-3.31
Melica ciliata,-5.5
Mendoncia litoralis,-0.6252212
Merostachys claussenii,-2.98
Metasequoia glyptostroboides,-2.62
Mezilaurus ita-uba,-2.986666666666667
Michelia alba,-1.75
Miconia argentea,-0.9171262
Miconia cinerascens,-5.09
Miconia cuspidata,-3.4
Miconia lepidota,-4.76
Micropholis egensis,-1.11985
Micropholis venulosa,-1.5342833333333332
Micropholis williamii,-1.7818800000000001
Mikania leiostachya,-1.2566151
Mimosa arenosa,-3.47154
Mimosa caesalpiniifolia,-1.49
Minquartia guianensis,-2.31879
Moronobea coccinea,-2.97
Morus alba,-1.58
Mulinum spinosum,-5.7
Myrceugenia cucullata,-2.86
Myrceugenia ovalifolia,-3.28
Myrceugenia ovata,-5.495
Myriocarpa longipes,-0.9055292
Myrsine coriacea,-3.08
Myrsine guianensis,-2.12
Myrtus communis,-5.665
Nageia fleuryi,-3.7
Nemuaron vieillardii,-2.3
Neocallitropsis pancheri,-4.14
Neomyrtus pedunculata,-2.797327628166667
Neopanax colensoi,-1.984551526857143
Nerium oleander,-1.5
Nothofagus fusca,-2.2985923743333334
Nothofagus menziesii,-2.366756385
Nothofagus obliqua,-2.366756385
Nothofagus solandri,-2.762707469636364
Nothofagus truncata,-2.486205602625
Nyssa sylvatica,-1.82
Ochroma pyramidale,-1
Olea europaea,-5.163333333333333
Olearia avicenniifolia,-3.8871156636666666
Olearia ilicifolia,-3.741748396
Oryza sativa,-1.59146
Ouratea hexasperma,-1.7933333333333332
Ouratea lucens,-1.8
Oxydendrum arboreum,-4.54
Papuacedrus papuana,-4.69
Paracryphia alticola,-2.06
Paullinia fibrigera,-1.2208353
Paullinia glomerulosa,-0.5088948
Paullinia rugosa,-0.7809029
Peltophorum dubium,-1.0433333333333334
Pennantia corymbosa,-4.07128225325
Pericopsis angolensis,-3.2849
Phalaris arundinacea,-0.5
Phaseolus vulgaris,-0.468
Phillyrea angustifolia,-9.53
Phleum pratense,-4.02
Photinia serrulata,-6.2
Phragmites australis,-0.6
Phyllocladus aspleniifolius,-4.35
Phyllocladus trichomanoides,-6.850878986666666
Phymaspermum acerosum,-5.47
Picea abies,-3.8
Picea asperata,-2.71
Picea chihuahuana,-3.4
Picea crassifolia,-3.21
Picea engelmannii,-4.3625
Picea glauca,-3.9333564705882353
Picea koraiensis,-2.63
Picea likiangensis,-2.486
Picea mariana,-3.903984285714286
Picea meyeri,-2.83
Picea obovata,-4.13
Picea purpurea,-2.78
Picea rubens,-3.53
Picea sitchensis,-3.85
Picea spinulosa,-0.58
Picea wilsonii,-2.9850000000000003
Pinus albicaulis,-3.19
Pinus banksiana,-3.323575
Pinus canariensis,-4.322800909090909
Pinus caribaea,-3.27
Pinus cembra,-3.54375
Pinus contorta,-3.789019090909091
Pinus densiflora,-3.5
Pinus devoniana,-3.2
Pinus echinata,-3.21
Pinus edulis,-3.71
Pinus flexilis,-3.71
Pinus halepensis,-4.902112968315789
Pinus hartwegii,-3.4050000000000002
Pinus leiophylla,-3
Pinus monophylla,-5.55
Pinus mugo,-3.8
Pinus nigra,-3.6588781515714284
Pinus pinaster,-3.741578947368421
Pinus pinea,-4.0625
Pinus ponderosa,-3.3771428571428572
Pinus pseudostrobus,-2.75
Pinus radiata,-4.37
Pinus sibirica,-2.97
Pinus sylvestris,-3.237247743365385
Pinus tabuliformis,-2.7800000000000002
Pinus taeda,-3.325
Pinus uncinata,-2.8433333333333333
Pinus wallichiana,-2.83
Piper reticulatum,-0.8577531
Piptadenia obliqua,-9.29771
Piptadenia stipulacea,-2.17
Piptadenia viridiflora,-3.45
Pistacia chinensis,-4.166666666666667
Pistacia lentiscus,-5.0275
Pistacia terebinthus,-8.42
Pistacia weinmanniifolia,-3.3
Pittoniotis trichantha,-1.2
Pittosporum colensoi,-6.0979991194
Pittosporum eugenioides,-6.169700475666667
Pittosporum tenuifolium,-4.416682368666667
Platanus acerifolia,-1.8
Platycladus orientalis,-9.04
Poa pratensis,-3.65
Podocarpus cunninghamii,-6.61
Podocarpus elatus,-6.74
Podocarpus latifolius,-1.74
Podocarpus lawrencei,-3.82
Podocarpus rubens,-3.73
Podocarpus salignus,-4.28
Podocarpus spinulosus,-5.667676350444444
Podocarpus totara,-4.91575497875
Populus alba,-1.52
Populus angustifolia,-1.6
Populus balsamifera,-1.7329216666666667
Populus deltoides,-1.5296275000000001
Populus euphratica,-0.7
Populus fremontii,-1.57
Populus grandidentata,-1.52
Populus koreana,-1.87
Populus laurifolia,-1.5091
Populus nigra,-2.11
Populus pseudosimonii,-1.71
Populus suaveolens,-1.83
Populus tremula,-2.4971428571428573
Populus tremuloides,-2.3579063636363635
Populus trichocarpa,-1.3052938461538461
Pourouma bicolor,-1.4763766
Pouteria anomala,-1.5451672727272727
Pouteria decorticans,-2.92493
Pouteria erythrochrysa,-3.263333333333333
Pouteria oppositifolia,-1.43342125
Pouteria venosa,-1.26095
Pradosia cochlearia,-3.39
Protea repens,-3.81447
Protium apiculatum,-1.96
Protium divaricatum,-0.95
Protium gallosum,-2.5417300000000003
Protium grandifolium,-1.248135
Protium hebetatum,-2.086888
Protium llanorum,-1.3
Protium nitidifolium,-2.91133
Protium opacum,-2.41
Protium panamense,-1.9198724
Protium paniculatum,-1.85813
Protium sagotianum,-4.94
Protium subserratum,-2.93
Protium tenuifolium,-2.688865
Protium trifoliolatum,-1.330745
Prumnopitys ferruginea,-7.3933764595
Prumnopitys ladei,-6.68
Prumnopitys taxifolia,-5.26250506925
Prunus armeniaca,-5.99253
Prunus avium,-4.76499
Prunus cerasifera,-6.13235
Prunus cerasus,-4.60187
Prunus domestica,-5.782023333333333
Prunus dulcis,-6.1305375
Prunus mahaleb,-5.55659
Prunus padus,-3.5426266666666666
Prunus persica,-4.442964285714286
Prunus sibirica,-5.056666666666667
Prunus spinosa,-5.361956666666667
Pseudobombax septenatum,-1
Pseudolarix amabilis,-4.16
Pseudopanax crassifolius,-1.9841840238333335
Pseudotsuga menziesii,-3.145909090909091
Pseudowintera axillaris,-3.7
Pseudowintera colorata,-3.90224390175
Pseudowintera traversii,-5.62
Psidium guineense,-2.91
Psychotria horizontalis,-4.9
Pyracantha fortuneana,-3.75
Pyrus amygdaliformis,-3.29
Qualea parviflora,-2.025
Qualea rosea,-1.86
Quercus agrifolia,-3.14
Quercus berberidifolia,-4.55
Quercus candicans,-1.1
Quercus castanea,-0.72
Quercus coccifera,-6.98
Quercus cornelius-mulleri,-3.17
Quercus crassipes,-0.41
Quercus deserticola,-0.51
Quercus douglasii,-4.571666666666666
Quercus emoryi,-1.87
Quercus frainetto,-4.56
Quercus garryana,-3.32
Quercus gentryi,-0.56
Quercus glaucoides,-0.68
Quercus grisea,-2.28
Quercus ilex,-4.092028291851852
Quercus incana,-2.4562483628
Quercus kelloggii,-4.73
Quercus laeta,-0.5
Quercus lobata,-3.58
Quercus magnoliifolia,-0.46
Quercus oleoides,-3.785
Quercus palustris,-5.74
Quercus petraea,-4.269
Quercus pubescens,-3.3699999999999997
Quercus robur,-3.568888888888889
Quercus rubra,-3.1399999999999997
Quercus rugosa,-0.62
Quercus sadleriana,-2.74
Quercus sebifera,-5.5
Quercus suber,-4.545
Quercus wislizeni,-4.1
Quintinia major,-2.4850000000000003
Quintinia serrata,-3.044775490142857
Ranunculus acris,-1.61
Rapanea divaricata,-2.14377131625
Rapanea melanophloeos,-1.86
Raphanus raphanistrum,-2.5
Rapistrum rugosum,-3.4
Raukaua simplex,-2.97548403075
Recordoxylon speciosum,-4.13
Rehdera trinervis,-2.8
Retrophyllum comptonii,-2.54
Retrophyllum minus,-2.17
Rhamnus alaternus,-6.895
Rhamnus ilicifolia,-7.18
Rhamnus ludovici-salvatoris,-3.9
Rhamnus lycioides,-8.4
Rhigozum obovatum,-3.44
Rhipidocladum racemiflorum,-4.5
Rhizophora mangle,-5.8075
Rhododendron columbianum,-3.75
Rhododendron ferrugineum,-3.01
Rhododendron hirsutum,-3.23
Rhododendron intermedium,-1.87
Rhus ovata,-2.5300000000000002
Rhus standleyi,-2.7
Rhus trilobata,-2.95
Rhus typhina,-2.3866666666666667
Ribes alpinum,-3.57
Rinorea pubiflora,-2.9933333333333336
Rinorea racemosa,-4.179465
Robinia pseudoacacia,-2.9511
Rosmarinus officinalis,-9.3533333333333335
Sacoglottis guianensis,-1.7
Salix alba,-1.5
Salix caprea,-2.22
Salix cinerea,-1.99
Salix fragilis,-1.39
Salix gmelinii,-1.33
Salix gooddingii,-1.49
Salix gordejevii,-1.28
Salix helvetica,-2.32
Salix psammophila,-1.63
Salix purpurea,-1.97
Salvia candicans,-7.3
Salvia mellifera,-8.3
Sambucus nigra,-1.3599999999999999
Sannantha virgata,-0.785
Saxegothaea conspicua,-3.39
Schefflera digitata,-1.69353561
Schefflera macrocarpa,-2.3
Schefflera morototoni,-1.38
Schinus johnstonii,-3.6
Schinus terebinthifolia,-2.780595
Sciadopitys verticillata,-4.07
Sclerolobium paniculatum,-3.4
Scleronema micranthum,-1.77
Senecio filaginoides,-5
Senna artemisioides,-1.82
Senna atomaria,-4.09756
Senna dariensis,-2.0957746
Senna surattensis,-1.18
Senna undulata,-1.0842082
Sequoia sempervirens,-4.80875
Sequoiadendron giganteum,-3.7866666666666666
Sextonia rubra,-0.985
Shorea multiflora,-4.25
Simarouba amara,-1.5667441
Sinapis alba,-3.1
Sinapis arvensis,-2.9
Sisymbrium erysimoides,-4.8
Sisymbrium orientale,-4.45
Solanum lycopersicum,-2.44
Solidago canadensis,-3.4066666666666667
Sophora microphylla,-4.9379753137
Sorbus aria,-5.525
Sorbus aucuparia,-3.35
Sorbus scopulina,-4.76
Sorbus torminalis,-6.21
Stipa pennata,-7.5
Stizophyllum riparium,-0.7844022
Styrax ferrugineus,-3.35
Styrax pohlii,-2
Sundacarpus amarus,-2.83
Swartzia acuminata,-1.48
Swartzia brachyrachis,-3.39224
Swartzia ingifolia,-5.57463
Swartzia laevicarpa,-0.6
Swartzia racemosa,-3.1072610000000003
Swartzia recurva,-3.662045
Swartzia reticulata,-1.65
Swartzia tomentifera,-3.620235
Swartzia ulei,-2.2013
Swietenia macrophylla,-2.2
Symphonia globulifera,-1.5566666666666666
Symplocos falcata,-2.525
Symplocos lanceolata,-1.5
Symplocos mosenii,-1.6
Syzygium smithii,-4.32945
Tachigali chrysophylla,-3.776666666666667
Tachigali melinonii,-2.3633333333333333
Tachigali versicolor,-3.8358344
Taiwania cryptomerioides,-3.38
Tapirira guianensis,-2.4006092
Taraxacum campylodes,-1.78
Tasmannia purpurascens,-2.09
Tasmannia stipitata,-3.7
Taxodium distichum,-2.24
Taxodium huegelii,-2.23
Taxus baccata,-6.81
Taxus brevifolia,-6.44
Tecoma capensis,-1.48
Terminalia amazonia,-3.0538713
Terminthia paniculata,-2.6
Tetracentron sinense,-1.42
Tetracera portobellensis,-1.3458633
Tetraclinis articulata,-13.170000000000002
Tetragastris panamensis,-1.82847
Thuja occidentalis,-3.57
Thuja plicata,-4.886
Thujopsis dolabrata,-4.15
Tilia amurensis,-2.8
Tilia cordata,-3.22
Tilia mandshurica,-2.55
Tilia platyphyllos,-3.07
Tontelea ovalifolia,-1.3742113
Toona australis,-1.4
Toona sinensis,-2.39
Torreya californica,-6.39
Torreya grandis,-5.32
Torreya nucifera,-5.95
Tovomita longifolia,-3.8258901
Trichilia dregeana,-2.66
Trifolium repens,-2.32
Triticum aestivum,-2.9699999999999998
Trochodendron aralioides,-2.35
Tsuga canadensis,-3.07
Ulex europaeus,-6.58
Ulmus minor,-3.23
Vaccinium myrtillus,-2.086666666666667
Vaccinium uliginosum,-2.7
Vaccinium vitis-idaea,-1.9733333333333334
Veronica salicifolia,-3.225270731666667
Viburnum lantana,-3.9225
Virola crebrinervia,-2.20834
Virola michelii,-2.199065
Virola sebifera,-1.2406379
Virola venosa,-0.840705
Vismia billbergiana,-2.18222
Vitis rupestris,-2.91
Vitis tiliifolia,-1.0740102
Vitis vinifera,-2.1
Vitis vulpina,-2.91
Vouacapoua americana,-2.488138181818182
Weinmannia fagaroides,-3.39
Weinmannia organensis,-2.245
Widdringtonia nodiflora,-7.87
Wisteria brachybotrys,-2.7566666666666664
Wollemia nobilis,-3.32
Xanthoceras sorbifolium,-1
Xylopia macrantha,-2.5917397
Zanthoxylum bungeanum,-3.56
Zanthoxylum panamense,-2.0470684
Zea mays,-1.5962068965517242
Ziziphus joazeiro,-3.35
Zuelania guidonia,-3.2054299
Zygia racemosa,-3.5605325
Zygia ramiflora,-1.7614049999999999
Zygogynum acsmithii,-2.715
Zygogynum baillonii,-3
Zygogynum bicolor,-2.3
Zygogynum crassifolium,-4.216666666666667
Zygogynum pancheri,-5.2
Zygogynum pomiferum,-3.45
Zygogynum queenslandianum,-3.6
Zygogynum semecarpoides,-3.27
Zygogynum tieghemii,-2.245
